Index,Repository,URL,Stars,Year,Vulnerability Type,Risk Level,Has TrustedIPs,File Path
1,MizuchiLabs/mantrae,https://github.com/MizuchiLabs/mantrae,392,2024,traefik docker-compose,medium,No,tmp_traefik/traefik_scan_6_1767028255/MizuchiLabs_mantrae/sqlc.yml
2,Rahn-IT/traefik-gui,https://github.com/Rahn-IT/traefik-gui,135,2024,traefik docker-compose,medium,No,tmp_traefik/traefik_scan_13_1767028255/Rahn-IT_traefik-gui/docker-compose.yaml
3,sevensolutions/traefik-oidc-auth,https://github.com/sevensolutions/traefik-oidc-auth,266,2024,traefik docker-compose,medium,No,tmp_traefik/traefik_scan_12_1767028255/sevensolutions_traefik-oidc-auth/taskfile.yml
4,lukaszraczylo/traefikoidc,https://github.com/lukaszraczylo/traefikoidc,102,2024,traefik docker-compose,medium,No,tmp_traefik/traefik_scan_14_1767028255/lukaszraczylo_traefikoidc/.goreleaser.yaml
5,Someone0nEarth/excalidraw-self-hosted,https://github.com/Someone0nEarth/excalidraw-self-hosted,115,2024,traefik docker-compose,medium,No,tmp_traefik/traefik_scan_8_1767028255/Someone0nEarth_excalidraw-self-hosted/docker-compose.yml
6,jcchavezs/coraza-http-wasm-traefik,https://github.com/jcchavezs/coraza-http-wasm-traefik,87,2024,traefik docker-compose,medium,No,tmp_traefik/traefik_scan_10_1767028255/jcchavezs_coraza-http-wasm-traefik/docker-compose.yml
7,meonkeys/shb,https://github.com/meonkeys/shb,100,2023,traefik docker-compose,medium,No,tmp_traefik/traefik_scan_9_1767028255/meonkeys_shb/mario/ansible/roles/services/templates/ops/nextcloud/compose.yml
8,Yann39/self-hosted,https://github.com/Yann39/self-hosted,170,2023,traefik docker-compose,medium,No,tmp_traefik/traefik_scan_11_1767028255/Yann39_self-hosted/apps/defrag-life/docker-compose.yml
9,ct-Open-Source/telerec-t-base,https://github.com/ct-Open-Source/telerec-t-base,55,2023,traefik docker-compose,medium,No,tmp_traefik/traefik_scan_0_1767028255/ct-Open-Source_telerec-t-base/traefik.yml
10,11notes/docker-traefik,https://github.com/11notes/docker-traefik,156,2023,traefik docker-compose,medium,No,tmp_traefik/traefik_scan_2_1767028255/11notes_docker-traefik/compose.yml
11,SimpleHomelab/Auto-Traefik,https://github.com/SimpleHomelab/Auto-Traefik,64,2023,traefik docker-compose,medium,No,tmp_traefik/traefik_scan_7_1767028255/SimpleHomelab_Auto-Traefik/compose/adminer.yml
12,psycho0verload/traefik-crowdsec-stack,https://github.com/psycho0verload/traefik-crowdsec-stack,84,2023,traefik docker-compose,medium,No,tmp_traefik/traefik_scan_1_1767028255/psycho0verload_traefik-crowdsec-stack/docker-compose.yml
13,jamesgreenblue/metabase-traefik-compose,https://github.com/jamesgreenblue/metabase-traefik-compose,55,2023,traefik docker-compose,medium,No,tmp_traefik/traefik_scan_3_1767028255/jamesgreenblue_metabase-traefik-compose/docker-compose.yml
14,maxcountryman/aquamarine,https://github.com/maxcountryman/aquamarine,88,2023,traefik docker-compose,medium,No,tmp_traefik/traefik_scan_6_1767028255/maxcountryman_aquamarine/traefik.yml
15,ldellisola/TraefikKobling,https://github.com/ldellisola/TraefikKobling,71,2023,traefik docker-compose,medium,No,tmp_traefik/traefik_scan_15_1767028255/ldellisola_TraefikKobling/src/TraefikKobling.Worker/appsettings.yml
16,godd0t/django-docker-quickstart,https://github.com/godd0t/django-docker-quickstart,246,2023,traefik docker-compose,medium,No,tmp_traefik/traefik_scan_5_1767028255/godd0t_django-docker-quickstart/docker-compose.prod.yml
17,EdyTheCow/docker-media-center,https://github.com/EdyTheCow/docker-media-center,233,2023,traefik docker-compose,medium,No,tmp_traefik/traefik_scan_14_1767028255/EdyTheCow_docker-media-center/dmc/compose/docker-compose.yml
18,nosduco/nforwardauth,https://github.com/nosduco/nforwardauth,152,2023,traefik docker-compose,medium,No,tmp_traefik/traefik_scan_10_1767028255/nosduco_nforwardauth/examples/nginx/docker-compose.yml
19,amerkurev/django-docker-template,https://github.com/amerkurev/django-docker-template,222,2023,traefik docker-compose,medium,No,tmp_traefik/traefik_scan_13_1767028255/amerkurev_django-docker-template/docker-compose.tls.yml
20,passmower/passmower,https://github.com/passmower/passmower,52,2023,traefik docker-compose,medium,No,tmp_traefik/traefik_scan_8_1767028255/passmower_passmower/templates/serviceaccount.yaml
21,bluepuma77/traefik-best-practice,https://github.com/bluepuma77/traefik-best-practice,384,2023,traefik docker-compose,medium,No,tmp_traefik/traefik_scan_9_1767028255/bluepuma77_traefik-best-practice/docker-traefik-external-forward/docker-compose.yml
22,ItalyPaleAle/traefik-forward-auth,https://github.com/ItalyPaleAle/traefik-forward-auth,81,2023,traefik docker-compose,medium,No,tmp_traefik/traefik_scan_11_1767028255/ItalyPaleAle_traefik-forward-auth/config.sample.yaml
23,geekau/mediastack,https://github.com/geekau/mediastack,1511,2022,traefik docker-compose,medium,No,tmp_traefik/traefik_scan_2_1767028255/geekau_mediastack/no-download-vpn/docker-compose.yaml
24,predmijat/realworlddevopscourse,https://github.com/predmijat/realworlddevopscourse,259,2022,traefik docker-compose,medium,No,tmp_traefik/traefik_scan_0_1767028255/predmijat_realworlddevopscourse/after-37-backup-checker-1/ansible/setup.yml
25,aschmelyun/docker-compose-traefik,https://github.com/aschmelyun/docker-compose-traefik,59,2022,traefik docker-compose,medium,No,tmp_traefik/traefik_scan_3_1767028255/aschmelyun_docker-compose-traefik/docker-compose.yml
26,maxlerebourg/crowdsec-bouncer-traefik-plugin,https://github.com/maxlerebourg/crowdsec-bouncer-traefik-plugin,614,2022,traefik docker-compose,medium,Yes,tmp_traefik/traefik_scan_1_1767028255/maxlerebourg_crowdsec-bouncer-traefik-plugin/docker-compose.yml
27,AhmadRafiee/DevOps_Certification,https://github.com/AhmadRafiee/DevOps_Certification,420,2022,traefik docker-compose,medium,No,tmp_traefik/traefik_scan_15_1767028255/AhmadRafiee_DevOps_Certification/ansible/ansible-gui/semaphore/compose.yml
28,brokenscripts/authentik_traefik,https://github.com/brokenscripts/authentik_traefik,504,2022,traefik docker-compose,medium,No,tmp_traefik/traefik_scan_6_1767028255/brokenscripts_authentik_traefik/my-compose/compose.yaml
29,juftin/homelab,https://github.com/juftin/homelab,70,2022,traefik docker-compose,medium,No,tmp_traefik/traefik_scan_12_1767028255/juftin_homelab/mkdocs.yaml
30,ChrisThePCGeek/k3s-ansible-traefik-rancher,https://github.com/ChrisThePCGeek/k3s-ansible-traefik-rancher,79,2022,traefik docker-compose,medium,No,tmp_traefik/traefik_scan_13_1767028255/ChrisThePCGeek_k3s-ansible-traefik-rancher/site.yml
31,traefikturkey/onramp,https://github.com/traefikturkey/onramp,113,2022,traefik docker-compose,medium,No,tmp_traefik/traefik_scan_14_1767028255/traefikturkey_onramp/docker-compose.yml
32,justmiles/traefik-cloudflare-tunnel,https://github.com/justmiles/traefik-cloudflare-tunnel,62,2022,traefik docker-compose,medium,No,tmp_traefik/traefik_scan_9_1767028255/justmiles_traefik-cloudflare-tunnel/.goreleaser.yaml
33,tomwojcik/homeserver-traefik-portainer,https://github.com/tomwojcik/homeserver-traefik-portainer,78,2022,traefik docker-compose,medium,No,tmp_traefik/traefik_scan_8_1767028255/tomwojcik_homeserver-traefik-portainer/docker-compose.yml
34,CDM56/arr-compose,https://github.com/CDM56/arr-compose,72,2022,traefik docker-compose,medium,No,tmp_traefik/traefik_scan_7_1767028255/CDM56_arr-compose/docker-compose.yaml
35,Paxxs/traefik-get-real-ip,https://github.com/Paxxs/traefik-get-real-ip,80,2022,traefik docker-compose,medium,No,tmp_traefik/traefik_scan_0_1767028255/Paxxs_traefik-get-real-ip/.traefik.yml
36,AdrienPoupa/docker-compose-nas,https://github.com/AdrienPoupa/docker-compose-nas,1878,2022,traefik docker-compose,medium,No,tmp_traefik/traefik_scan_2_1767028255/AdrienPoupa_docker-compose-nas/docker-compose.yml
37,studiomitte/traefik-swarm,https://github.com/studiomitte/traefik-swarm,63,2022,forwardedHeaders.insecure (YAML),high,Yes,tmp_traefik/traefik_scan_3_1767028255/studiomitte_traefik-swarm/docker-compose.yml
38,tyriis/home-ops,https://github.com/tyriis/home-ops,76,2022,traefik docker-compose,medium,No,tmp_traefik/traefik_scan_4_1767028255/tyriis_home-ops/kubernetes/components/atlantis/helm-release.yaml
39,acouvreur/traefik-modsecurity-plugin,https://github.com/acouvreur/traefik-modsecurity-plugin,174,2021,traefik docker-compose,medium,No,tmp_traefik/traefik_scan_15_1767028255/acouvreur_traefik-modsecurity-plugin/docker-compose.yml
40,erkenes/docker-vaultwarden-server,https://github.com/erkenes/docker-vaultwarden-server,52,2021,traefik docker-compose,medium,No,tmp_traefik/traefik_scan_12_1767028255/erkenes_docker-vaultwarden-server/docker-compose.yml
41,soulteary/docker-cronicle,https://github.com/soulteary/docker-cronicle,342,2021,traefik docker-compose,medium,No,tmp_traefik/traefik_scan_13_1767028255/soulteary_docker-cronicle/docker-compose.traefik.yml
42,CryptoManufaktur-io/solana-rpc,https://github.com/CryptoManufaktur-io/solana-rpc,69,2021,traefik docker-compose,medium,No,tmp_traefik/traefik_scan_5_1767028255/CryptoManufaktur-io_solana-rpc/traefik-aws.yml
43,jittering/traefik-kop,https://github.com/jittering/traefik-kop,419,2021,traefik docker-compose,medium,No,tmp_traefik/traefik_scan_6_1767028255/jittering_traefik-kop/.goreleaser.yml
44,BaptisteBdn/docker-selfhosted-apps,https://github.com/BaptisteBdn/docker-selfhosted-apps,1100,2021,traefik docker-compose,medium,No,tmp_traefik/traefik_scan_14_1767028255/BaptisteBdn_docker-selfhosted-apps/freshrss/docker-compose.yml
45,nemanjam/nextjs-prisma-boilerplate,https://github.com/nemanjam/nextjs-prisma-boilerplate,712,2021,traefik docker-compose,medium,No,tmp_traefik/traefik_scan_10_1767028255/nemanjam_nextjs-prisma-boilerplate/docker-compose.live.yml
46,fbonalair/traefik-crowdsec-bouncer,https://github.com/fbonalair/traefik-crowdsec-bouncer,322,2021,traefik docker-compose,medium,No,tmp_traefik/traefik_scan_9_1767028255/fbonalair_traefik-crowdsec-bouncer/docker-compose-test.yaml
47,wollomatic/simple-traefik,https://github.com/wollomatic/simple-traefik,64,2021,traefik docker-compose,medium,No,tmp_traefik/traefik_scan_2_1767028255/wollomatic_simple-traefik/docker-compose.yaml
48,wollomatic/traefik-hardened,https://github.com/wollomatic/traefik-hardened,147,2021,traefik docker-compose,medium,No,tmp_traefik/traefik_scan_7_1767028255/wollomatic_traefik-hardened/docker-compose.yaml
49,supabase-community/supabase-traefik,https://github.com/supabase-community/supabase-traefik,196,2021,traefik docker-compose,medium,No,tmp_traefik/traefik_scan_8_1767028255/supabase-community_supabase-traefik/traefik/docker-compose.yml
50,wiltonsr/ldapAuth,https://github.com/wiltonsr/ldapAuth,126,2021,traefik docker-compose,medium,No,tmp_traefik/traefik_scan_11_1767028255/wiltonsr_ldapAuth/examples/conf-from-yml-file.yml
51,nscuro/traefik-plugin-geoblock,https://github.com/nscuro/traefik-plugin-geoblock,62,2021,traefik docker-compose,medium,No,tmp_traefik/traefik_scan_0_1767028255/nscuro_traefik-plugin-geoblock/.goreleaser.yml
52,goryn-clade/pathfinder-containers,https://github.com/goryn-clade/pathfinder-containers,72,2021,traefik docker-compose,medium,No,tmp_traefik/traefik_scan_1_1767028255/goryn-clade_pathfinder-containers/docker-compose.yml
53,heyvaldemar/nextcloud-traefik-letsencrypt-docker-compose,https://github.com/heyvaldemar/nextcloud-traefik-letsencrypt-docker-compose,89,2021,traefik docker-compose,medium,No,tmp_traefik/traefik_scan_3_1767028255/heyvaldemar_nextcloud-traefik-letsencrypt-docker-compose/nextcloud-traefik-letsencrypt-docker-compose.yml
54,badsyntax/docker-box,https://github.com/badsyntax/docker-box,68,2021,traefik docker-compose,medium,No,tmp_traefik/traefik_scan_15_1767028255/badsyntax_docker-box/examples/nginx-app/docker-compose.yml
55,kubeshop/kusk-gen,https://github.com/kubeshop/kusk-gen,173,2021,traefik docker-compose,medium,No,tmp_traefik/traefik_scan_5_1767028255/kubeshop_kusk-gen/mkdocs.yml
56,tdjsnelling/sqtracker,https://github.com/tdjsnelling/sqtracker,267,2021,forwardedHeaders.insecure (YAML),high,No,tmp_traefik/traefik_scan_6_1767028255/tdjsnelling_sqtracker/docker-compose.yml
57,saltyorg/Saltbox,https://github.com/saltyorg/Saltbox,788,2021,traefik docker-compose,medium,No,tmp_traefik/traefik_scan_13_1767028255/saltyorg_Saltbox/saltbox.yml
58,heyvaldemar/keycloak-traefik-letsencrypt-docker-compose,https://github.com/heyvaldemar/keycloak-traefik-letsencrypt-docker-compose,139,2021,traefik docker-compose,medium,No,tmp_traefik/traefik_scan_10_1767028255/heyvaldemar_keycloak-traefik-letsencrypt-docker-compose/keycloak-traefik-letsencrypt-docker-compose.yml
59,heyvaldemar/zabbix-traefik-letsencrypt-docker-compose,https://github.com/heyvaldemar/zabbix-traefik-letsencrypt-docker-compose,56,2021,traefik docker-compose,medium,No,tmp_traefik/traefik_scan_9_1767028255/heyvaldemar_zabbix-traefik-letsencrypt-docker-compose/zabbix-traefik-letsencrypt-docker-compose.yml
60,testdrivenio/fastapi-docker-traefik,https://github.com/testdrivenio/fastapi-docker-traefik,112,2021,traefik docker-compose,medium,No,tmp_traefik/traefik_scan_14_1767028255/testdrivenio_fastapi-docker-traefik/docker-compose.yml
61,dockserver/dockserver,https://github.com/dockserver/dockserver,150,2021,traefik docker-compose,medium,No,tmp_traefik/traefik_scan_8_1767028255/dockserver_dockserver/dockserver/docker.yml
62,BlackBeltTechnology/traefik-keycloak-sso-reverse-proxy,https://github.com/BlackBeltTechnology/traefik-keycloak-sso-reverse-proxy,66,2021,traefik docker-compose,medium,No,tmp_traefik/traefik_scan_7_1767028255/BlackBeltTechnology_traefik-keycloak-sso-reverse-proxy/docker-compose.yml
63,traefik-workshops/traefik-workshop,https://github.com/traefik-workshops/traefik-workshop,115,2021,traefik docker-compose,medium,No,tmp_traefik/traefik_scan_11_1767028255/traefik-workshops_traefik-workshop/exercise-9/ingress-web.yaml
64,EnigmaCurry/d.rymcg.tech,https://github.com/EnigmaCurry/d.rymcg.tech,60,2021,traefik docker-compose,medium,No,tmp_traefik/traefik_scan_2_1767028255/EnigmaCurry_d.rymcg.tech/smokeping/docker-compose.instance.yaml
65,PascalMinder/geoblock,https://github.com/PascalMinder/geoblock,257,2021,traefik docker-compose,medium,No,tmp_traefik/traefik_scan_0_1767028255/PascalMinder_geoblock/docker/dev-geoblock/docker-compose.yml
66,traefik-plugins/traefik-jwt-plugin,https://github.com/traefik-plugins/traefik-jwt-plugin,134,2021,traefik docker-compose,medium,No,tmp_traefik/traefik_scan_1_1767028255/traefik-plugins_traefik-jwt-plugin/.traefik.yml
67,soulteary/traefik-example,https://github.com/soulteary/traefik-example,68,2021,traefik docker-compose,medium,No,tmp_traefik/traefik_scan_3_1767028255/soulteary_traefik-example/docker-compose.yml
68,pinceladasdaweb/docker-fastify-restful-api,https://github.com/pinceladasdaweb/docker-fastify-restful-api,88,2021,traefik docker-compose,medium,No,tmp_traefik/traefik_scan_4_1767028255/pinceladasdaweb_docker-fastify-restful-api/docker-compose.yml
69,borjapazr/mars-server,https://github.com/borjapazr/mars-server,120,2020,traefik docker-compose,medium,No,tmp_traefik/traefik_scan_15_1767028255/borjapazr_mars-server/services/monica/docker-compose.yml
70,PAPAMICA/docker-compose-collection,https://github.com/PAPAMICA/docker-compose-collection,259,2020,traefik docker-compose,medium,No,tmp_traefik/traefik_scan_6_1767028255/PAPAMICA_docker-compose-collection/composes-files/adminer.yml
71,rafrasenberg/docker-traefik-portainer,https://github.com/rafrasenberg/docker-traefik-portainer,126,2020,traefik docker-compose,medium,No,tmp_traefik/traefik_scan_5_1767028255/rafrasenberg_docker-traefik-portainer/core/docker-compose.yml
72,tomMoulard/htransformation,https://github.com/tomMoulard/htransformation,102,2020,traefik docker-compose,medium,No,tmp_traefik/traefik_scan_13_1767028255/tomMoulard_htransformation/docker-compose.yml
73,tomMoulard/fail2ban,https://github.com/tomMoulard/fail2ban,254,2020,traefik docker-compose,medium,No,tmp_traefik/traefik_scan_12_1767028255/tomMoulard_fail2ban/docker-compose.yml
74,traPtitech/NeoShowcase,https://github.com/traPtitech/NeoShowcase,61,2020,traefik docker-compose,medium,No,tmp_traefik/traefik_scan_10_1767028255/traPtitech_NeoShowcase/compose.yaml
75,HariSekhon/Kubernetes-configs,https://github.com/HariSekhon/Kubernetes-configs,526,2020,traefik docker-compose,medium,No,tmp_traefik/traefik_scan_8_1767028255/HariSekhon_Kubernetes-configs/ing.yaml
76,erikespinoza/v4raider,https://github.com/erikespinoza/v4raider,135,2020,traefik docker-compose,medium,No,tmp_traefik/traefik_scan_7_1767028255/erikespinoza_v4raider/docker-compose.yml
77,BretFisher/compose-dev-tls,https://github.com/BretFisher/compose-dev-tls,133,2020,traefik docker-compose,medium,No,tmp_traefik/traefik_scan_11_1767028255/BretFisher_compose-dev-tls/traefik.yaml
78,traefik/plugindemo,https://github.com/traefik/plugindemo,155,2020,traefik docker-compose,medium,No,tmp_traefik/traefik_scan_0_1767028255/traefik_plugindemo/.traefik.yml
79,traefik/plugin-simplecache,https://github.com/traefik/plugin-simplecache,55,2020,traefik docker-compose,medium,No,tmp_traefik/traefik_scan_15_1767028255/traefik_plugin-simplecache/.traefik.yml
80,traefik/plugin-rewritebody,https://github.com/traefik/plugin-rewritebody,66,2020,traefik docker-compose,medium,No,tmp_traefik/traefik_scan_4_1767028255/traefik_plugin-rewritebody/.traefik.yml
81,56kcloud/traefik-training,https://github.com/56kcloud/traefik-training,376,2020,traefik docker-compose,medium,No,tmp_traefik/traefik_scan_2_1767028255/56kcloud_traefik-training/01-Traefik-Overview/whoami.yml
82,faritvidal/Config-Traefik-2.2.X,https://github.com/faritvidal/Config-Traefik-2.2.X,115,2020,traefik docker-compose,medium,No,tmp_traefik/traefik_scan_1_1767028255/faritvidal_Config-Traefik-2.2.X/traefik-simple-auth-subpath/docker-compose.yml
83,barebaric/traefik-swarm,https://github.com/barebaric/traefik-swarm,57,2020,traefik docker-compose,medium,No,tmp_traefik/traefik_scan_6_1767028255/barebaric_traefik-swarm/docker-compose.yml
84,guaosi/go-micro-build,https://github.com/guaosi/go-micro-build,73,2020,traefik docker-compose,medium,No,tmp_traefik/traefik_scan_5_1767028255/guaosi_go-micro-build/apigateway/deploy/docker-compose.yml
85,christippett/terraform-cloudinit-container-server,https://github.com/christippett/terraform-cloudinit-container-server,117,2020,traefik docker-compose,medium,No,tmp_traefik/traefik_scan_12_1767028255/christippett_terraform-cloudinit-container-server/templates/docker-compose.webhook.yaml
86,azrikahar/docker-reverse-proxies,https://github.com/azrikahar/docker-reverse-proxies,52,2020,traefik docker-compose,medium,No,tmp_traefik/traefik_scan_14_1767028255/azrikahar_docker-reverse-proxies/basic/traefik-basic/project/docker-compose.yml
87,frigi83/traefik-examples,https://github.com/frigi83/traefik-examples,348,2020,traefik docker-compose,medium,No,tmp_traefik/traefik_scan_13_1767028255/frigi83_traefik-examples/example_guacamole/docker-compose.yml
88,JensKnipper/traefik-examples,https://github.com/JensKnipper/traefik-examples,74,2020,traefik docker-compose,medium,No,tmp_traefik/traefik_scan_9_1767028255/JensKnipper_traefik-examples/reverse-proxy/docker-compose.yml
89,stevegroom/traefikGateway,https://github.com/stevegroom/traefikGateway,56,2020,traefik docker-compose,medium,No,tmp_traefik/traefik_scan_8_1767028255/stevegroom_traefikGateway/ubuntu/docker-compose.yml
90,lfache/awesome-traefik,https://github.com/lfache/awesome-traefik,96,2020,traefik docker-compose,medium,No,tmp_traefik/traefik_scan_10_1767028255/lfache_awesome-traefik/nextcloud/docker-compose.yaml
91,borchero/switchboard,https://github.com/borchero/switchboard,162,2020,traefik docker-compose,medium,No,tmp_traefik/traefik_scan_7_1767028255/borchero_switchboard/chart/Chart.yaml
92,julienhmmt/docker-compose,https://github.com/julienhmmt/docker-compose,147,2020,traefik docker-compose,medium,No,tmp_traefik/traefik_scan_2_1767028255/julienhmmt_docker-compose/traefik-linkwarden/docker-compose.yml
93,codeaprendiz/learn-kubernetes,https://github.com/codeaprendiz/learn-kubernetes,53,2020,traefik docker-compose,medium,No,tmp_traefik/traefik_scan_11_1767028255/codeaprendiz_learn-kubernetes/gcp/task-005-traefik-whoami/05-traefik-rbac.yml
94,cedrichopf/traefik-dockerized,https://github.com/cedrichopf/traefik-dockerized,53,2020,traefik docker-compose,medium,No,tmp_traefik/traefik_scan_3_1767028255/cedrichopf_traefik-dockerized/override.example.yml
95,korridor/reverse-proxy-docker-traefik,https://github.com/korridor/reverse-proxy-docker-traefik,53,2020,traefik docker-compose,medium,No,tmp_traefik/traefik_scan_4_1767028255/korridor_reverse-proxy-docker-traefik/docker-compose.local.yml
96,kaysond/trafficjam,https://github.com/kaysond/trafficjam,176,2020,traefik docker-compose,medium,No,tmp_traefik/traefik_scan_6_1767028255/kaysond_trafficjam/test/docker-compose-dind-allowhost.yml
97,sleighzy/k3s-traefik-v2-kubernetes-crd,https://github.com/sleighzy/k3s-traefik-v2-kubernetes-crd,162,2020,traefik docker-compose,medium,No,tmp_traefik/traefik_scan_1_1767028255/sleighzy_k3s-traefik-v2-kubernetes-crd/005-deployment.yaml
98,andif888/workfromhome-with-docker,https://github.com/andif888/workfromhome-with-docker,84,2020,traefik docker-compose,medium,No,tmp_traefik/traefik_scan_5_1767028255/andif888_workfromhome-with-docker/docker-compose.yml
99,sleighzy/k3s-traefik-forward-auth-openid-connect,https://github.com/sleighzy/k3s-traefik-forward-auth-openid-connect,72,2020,traefik docker-compose,medium,No,tmp_traefik/traefik_scan_15_1767028255/sleighzy_k3s-traefik-forward-auth-openid-connect/001-secrets.yaml
100,bucherfa/server-setup,https://github.com/bucherfa/server-setup,88,2020,traefik docker-compose,medium,No,tmp_traefik/traefik_scan_12_1767028255/bucherfa_server-setup/bitwarden/docker-compose.yml
101,anonaddy/docker,https://github.com/anonaddy/docker,673,2019,traefik docker-compose,medium,No,tmp_traefik/traefik_scan_14_1767028255/anonaddy_docker/examples/traefik/compose.yml
102,Heziode/traefik-v2-https-ssl-localhost,https://github.com/Heziode/traefik-v2-https-ssl-localhost,243,2019,traefik docker-compose,medium,No,tmp_traefik/traefik_scan_8_1767028255/Heziode_traefik-v2-https-ssl-localhost/whoami.yml
103,kereis/traefik-certs-dumper,https://github.com/kereis/traefik-certs-dumper,183,2019,traefik docker-compose,medium,No,tmp_traefik/traefik_scan_9_1767028255/kereis_traefik-certs-dumper/dev/docker-compose.yml
104,nmarus/docker-swarm-ansible,https://github.com/nmarus/docker-swarm-ansible,78,2019,traefik docker-compose,medium,No,tmp_traefik/traefik_scan_0_1767028255/nmarus_docker-swarm-ansible/playbooks/redeploy-apps.yml
105,asatrya/keycloak-traefik-tutorial,https://github.com/asatrya/keycloak-traefik-tutorial,95,2019,traefik docker-compose,medium,No,tmp_traefik/traefik_scan_11_1767028255/asatrya_keycloak-traefik-tutorial/docker-compose.yml
106,crazy-max/docker-flarum,https://github.com/crazy-max/docker-flarum,240,2019,traefik docker-compose,medium,No,tmp_traefik/traefik_scan_1_1767028255/crazy-max_docker-flarum/examples/subfolder/compose.yml
107,mmatur/traefik-cert-manager,https://github.com/mmatur/traefik-cert-manager,76,2019,traefik docker-compose,medium,No,tmp_traefik/traefik_scan_7_1767028255/mmatur_traefik-cert-manager/traefik/values.yaml
108,SimpleHomelab/Docker-Traefik,https://github.com/SimpleHomelab/Docker-Traefik,3389,2019,traefik docker-compose,medium,No,tmp_traefik/traefik_scan_10_1767028255/SimpleHomelab_Docker-Traefik/docker-compose-ws-arm.yml
109,pascaliske/infrastructure,https://github.com/pascaliske/infrastructure,68,2019,traefik docker-compose,medium,No,tmp_traefik/traefik_scan_3_1767028255/pascaliske_infrastructure/mkdocs.yml
110,crazy-max/docker-qbittorrent,https://github.com/crazy-max/docker-qbittorrent,79,2019,traefik docker-compose,medium,No,tmp_traefik/traefik_scan_5_1767028255/crazy-max_docker-qbittorrent/examples/traefik/compose.yml
111,bubelov/traefik-letsencrypt-compose,https://github.com/bubelov/traefik-letsencrypt-compose,105,2019,traefik docker-compose,medium,No,tmp_traefik/traefik_scan_4_1767028255/bubelov_traefik-letsencrypt-compose/docker-compose.yml
112,pyrou/traefik.me,https://github.com/pyrou/traefik.me,188,2019,traefik docker-compose,medium,No,tmp_traefik/traefik_scan_15_1767028255/pyrou_traefik.me/docs/tls.yml
113,darkweak/souin,https://github.com/darkweak/souin,916,2019,traefik docker-compose,medium,No,tmp_traefik/traefik_scan_6_1767028255/darkweak_souin/.traefik.yml
114,CVJoint/traefik2,https://github.com/CVJoint/traefik2,223,2019,traefik docker-compose,medium,No,tmp_traefik/traefik_scan_13_1767028255/CVJoint_traefik2/ymlfiles/rsync.yml
115,traefik/traefik-helm-chart,https://github.com/traefik/traefik-helm-chart,1287,2019,traefik docker-compose,medium,No,tmp_traefik/traefik_scan_12_1767028255/traefik_traefik-helm-chart/traefik-crds/kustomization.yaml
116,derekbar90/catalyst,https://github.com/derekbar90/catalyst,62,2019,traefik docker-compose,medium,No,tmp_traefik/traefik_scan_14_1767028255/derekbar90_catalyst/docker-compose.yml
117,EdyTheCow/docker-pterodactyl,https://github.com/EdyTheCow/docker-pterodactyl,352,2019,traefik docker-compose,medium,No,tmp_traefik/traefik_scan_9_1767028255/EdyTheCow_docker-pterodactyl/panel/compose/docker-compose.yml
118,realtarget/traefik2-docker-stack,https://github.com/realtarget/traefik2-docker-stack,143,2019,traefik docker-compose,medium,No,tmp_traefik/traefik_scan_8_1767028255/realtarget_traefik2-docker-stack/rocketchat/docker-compose.yml
119,traefik/traefik-migration-tool,https://github.com/traefik/traefik-migration-tool,147,2019,traefik docker-compose,medium,No,tmp_traefik/traefik_scan_10_1767028255/traefik_traefik-migration-tool/.goreleaser.yml
120,mesosphere/traefik-forward-auth,https://github.com/mesosphere/traefik-forward-auth,245,2019,traefik docker-compose,medium,No,tmp_traefik/traefik_scan_11_1767028255/mesosphere_traefik-forward-auth/hack/rule-gen/konvoy-rules-config.yaml
121,LtHummus/AuthThingie,https://github.com/LtHummus/AuthThingie,50,2019,traefik docker-compose,medium,No,tmp_traefik/traefik_scan_7_1767028255/LtHummus_AuthThingie/docker-compose.yaml
122,tomMoulard/make-my-server,https://github.com/tomMoulard/make-my-server,569,2019,traefik docker-compose,medium,No,tmp_traefik/traefik_scan_1_1767028255/tomMoulard_make-my-server/test_config.yml
123,traefik/mesh,https://github.com/traefik/mesh,2084,2019,traefik docker-compose,medium,No,tmp_traefik/traefik_scan_0_1767028255/traefik_mesh/.goreleaser.yml
124,cbirkenbeul/docker-homelab,https://github.com/cbirkenbeul/docker-homelab,647,2019,traefik docker-compose,medium,No,tmp_traefik/traefik_scan_3_1767028255/cbirkenbeul_docker-homelab/compose-files-traefik-predefined/recipes/docker-compose.yaml
125,rsoper/richardsoper.me,https://github.com/rsoper/richardsoper.me,50,2019,traefik docker-compose,medium,No,tmp_traefik/traefik_scan_5_1767028255/rsoper_richardsoper.me/monitoring/prometheus/prometheus.yml
126,tiredofit/docker-traefik-cloudflare-companion,https://github.com/tiredofit/docker-traefik-cloudflare-companion,532,2019,traefik docker-compose,medium,No,tmp_traefik/traefik_scan_4_1767028255/tiredofit_docker-traefik-cloudflare-companion/examples/compose.yml
127,travisghansen/external-auth-server,https://github.com/travisghansen/external-auth-server,337,2019,trustForwardHeader (YAML),medium,No,tmp_traefik/traefik_scan_12_1767028255/travisghansen_external-auth-server/examples/traefik-v2-kubernetes-crd.yaml
128,ibuetler/docker-keycloak-traefik-workshop,https://github.com/ibuetler/docker-keycloak-traefik-workshop,246,2019,traefik docker-compose,medium,No,tmp_traefik/traefik_scan_15_1767028255/ibuetler_docker-keycloak-traefik-workshop/keycloak-gatekeeper/docker-compose.yml
129,woniuzfb/iptv,https://github.com/woniuzfb/iptv,944,2019,trustForwardHeader (YAML),medium,No,tmp_traefik/traefik_scan_6_1767028255/woniuzfb_iptv/scripts/docker/docker-compose.yml
130,khast3x/Redcloud,https://github.com/khast3x/Redcloud,1260,2019,traefik docker-compose,medium,No,tmp_traefik/traefik_scan_10_1767028255/khast3x_Redcloud/docker-compose.yml
131,r9r-dev/portaefik,https://github.com/r9r-dev/portaefik,58,2019,traefik docker-compose,medium,No,tmp_traefik/traefik_scan_14_1767028255/r9r-dev_portaefik/docker-compose.yml
132,ldez/traefik-certs-dumper,https://github.com/ldez/traefik-certs-dumper,575,2019,traefik docker-compose,medium,No,tmp_traefik/traefik_scan_9_1767028255/ldez_traefik-certs-dumper/.goreleaser.yml
133,fastapi/full-stack-fastapi-template,https://github.com/fastapi/full-stack-fastapi-template,40279,2019,traefik docker-compose,medium,No,tmp_traefik/traefik_scan_11_1767028255/fastapi_full-stack-fastapi-template/docker-compose.yml
134,SushiFu/traefik-local,https://github.com/SushiFu/traefik-local,78,2019,traefik docker-compose,medium,No,tmp_traefik/traefik_scan_7_1767028255/SushiFu_traefik-local/docker-compose.yml
135,tiangolo/dockerswarm.rocks,https://github.com/tiangolo/dockerswarm.rocks,1148,2019,traefik docker-compose,medium,No,tmp_traefik/traefik_scan_2_1767028255/tiangolo_dockerswarm.rocks/mkdocs.yml
136,blaineventurine/home-automation-docker,https://github.com/blaineventurine/home-automation-docker,154,2019,traefik docker-compose,medium,No,tmp_traefik/traefik_scan_0_1767028255/blaineventurine_home-automation-docker/docker-compose.utilities.yml
137,y0ngb1n/dockerized,https://github.com/y0ngb1n/dockerized,951,2019,traefik docker-compose,medium,No,tmp_traefik/traefik_scan_1_1767028255/y0ngb1n_dockerized/docker/apps/minio/docker-compose.traefik.yml
138,jupyterhub/traefik-proxy,https://github.com/jupyterhub/traefik-proxy,58,2018,traefik docker-compose,medium,No,tmp_traefik/traefik_scan_3_1767028255/jupyterhub_traefik-proxy/.readthedocs.yaml
139,ethibox/awesome-stacks,https://github.com/ethibox/awesome-stacks,1218,2018,traefik docker-compose,medium,No,tmp_traefik/traefik_scan_6_1767028255/ethibox_awesome-stacks/stacks/adminer.yml
140,defeo/jupyterhub-docker,https://github.com/defeo/jupyterhub-docker,203,2018,traefik docker-compose,medium,No,tmp_traefik/traefik_scan_5_1767028255/defeo_jupyterhub-docker/docker-compose.yml
141,dniel/traefik-forward-auth0,https://github.com/dniel/traefik-forward-auth0,90,2018,traefik docker-compose,medium,No,tmp_traefik/traefik_scan_12_1767028255/dniel_traefik-forward-auth0/example/application.yaml
142,vaclav-cerny/docker-lemp-stack,https://github.com/vaclav-cerny/docker-lemp-stack,63,2018,traefik docker-compose,medium,No,tmp_traefik/traefik_scan_14_1767028255/vaclav-cerny_docker-lemp-stack/docker/docker-compose.yml
143,thomseddon/traefik-forward-auth,https://github.com/thomseddon/traefik-forward-auth,2347,2018,traefik docker-compose,medium,No,tmp_traefik/traefik_scan_13_1767028255/thomseddon_traefik-forward-auth/examples/traefik-v1.7/kubernetes/advanced-single-pod/kustomization.yaml
144,flaviostutz/docker-swarm-cluster,https://github.com/flaviostutz/docker-swarm-cluster,84,2018,traefik docker-compose,medium,No,tmp_traefik/traefik_scan_8_1767028255/flaviostutz_docker-swarm-cluster/docker-compose-metrics.yml
145,giansalex/aspnetcore-load-balancing,https://github.com/giansalex/aspnetcore-load-balancing,68,2018,traefik docker-compose,medium,No,tmp_traefik/traefik_scan_10_1767028255/giansalex_aspnetcore-load-balancing/docker-compose.traefik.yml
146,druidfi/stonehenge,https://github.com/druidfi/stonehenge,77,2018,traefik docker-compose,medium,No,tmp_traefik/traefik_scan_9_1767028255/druidfi_stonehenge/compose.yaml
147,yanghongfei/Kubernetes,https://github.com/yanghongfei/Kubernetes,56,2018,traefik docker-compose,medium,No,tmp_traefik/traefik_scan_11_1767028255/yanghongfei_Kubernetes/kubeadm-ha/traefik/traefik-ui.yaml
148,SimpleHomelab/AtoMiC-ToolKit-Docker,https://github.com/SimpleHomelab/AtoMiC-ToolKit-Docker,251,2018,traefik docker-compose,medium,No,tmp_traefik/traefik_scan_7_1767028255/SimpleHomelab_AtoMiC-ToolKit-Docker/docker-compose-unifi-traefik.yml
149,allysonsilva/laravel-docker,https://github.com/allysonsilva/laravel-docker,108,2018,traefik docker-compose,medium,No,tmp_traefik/traefik_scan_2_1767028255/allysonsilva_laravel-docker/docker-compose.yml
150,RawSanj/spring-redis-websocket,https://github.com/RawSanj/spring-redis-websocket,199,2018,traefik docker-compose,medium,No,tmp_traefik/traefik_scan_0_1767028255/RawSanj_spring-redis-websocket/src/main/docker/docker-compose.yml
151,subdavis/selfhosted,https://github.com/subdavis/selfhosted,366,2018,forwardedHeaders.insecure (YAML),high,Yes,tmp_traefik/traefik_scan_1_1767028255/subdavis_selfhosted/docker-compose.yml
152,rootsongjc/kubernetes-vagrant-centos-cluster,https://github.com/rootsongjc/kubernetes-vagrant-centos-cluster,1926,2018,traefik docker-compose,medium,No,tmp_traefik/traefik_scan_3_1767028255/rootsongjc_kubernetes-vagrant-centos-cluster/addon/traefik-ingress/traefik-rbac.yaml
153,captn3m0/nebula,https://github.com/captn3m0/nebula,60,2017,traefik docker-compose,medium,No,tmp_traefik/traefik_scan_15_1767028255/captn3m0_nebula/monitoring/config/prometheus.yml
154,crazy-max/docker-rtorrent-rutorrent,https://github.com/crazy-max/docker-rtorrent-rutorrent,606,2017,traefik docker-compose,medium,No,tmp_traefik/traefik_scan_6_1767028255/crazy-max_docker-rtorrent-rutorrent/examples/traefik/compose.yml
155,senseta-os/senseta-base-project,https://github.com/senseta-os/senseta-base-project,51,2017,traefik docker-compose,medium,No,tmp_traefik/traefik_scan_5_1767028255/senseta-os_senseta-base-project/{{cookiecutter.project_slug}}/docker-compose.test.yml
156,guillaumebriday/traefik-docker-ansible,https://github.com/guillaumebriday/traefik-docker-ansible,96,2017,traefik docker-compose,medium,No,tmp_traefik/traefik_scan_12_1767028255/guillaumebriday_traefik-docker-ansible/playbook.yml
157,koutsoumposval/laravel-microservices,https://github.com/koutsoumposval/laravel-microservices,221,2017,traefik docker-compose,medium,No,tmp_traefik/traefik_scan_13_1767028255/koutsoumposval_laravel-microservices/docker/docker-compose.yml
158,crazy-max/docker-nextcloud,https://github.com/crazy-max/docker-nextcloud,265,2017,traefik docker-compose,medium,No,tmp_traefik/traefik_scan_14_1767028255/crazy-max_docker-nextcloud/examples/traefik/compose.yml
159,zhuchuangang/k8s-install-scripts,https://github.com/zhuchuangang/k8s-install-scripts,260,2017,traefik docker-compose,medium,No,tmp_traefik/traefik_scan_9_1767028255/zhuchuangang_k8s-install-scripts/yaml/traefik/traefik-rbac.yaml
160,vegasbrianc/docker-traefik-prometheus,https://github.com/vegasbrianc/docker-traefik-prometheus,353,2017,traefik docker-compose,medium,No,tmp_traefik/traefik_scan_8_1767028255/vegasbrianc_docker-traefik-prometheus/docker-compose.yml
161,alextanhongpin/full-stack-microservice,https://github.com/alextanhongpin/full-stack-microservice,98,2017,traefik docker-compose,medium,No,tmp_traefik/traefik_scan_11_1767028255/alextanhongpin_full-stack-microservice/traefik-docker/docker-compose/docker-compose.yml
162,kahkhang/kube-linode,https://github.com/kahkhang/kube-linode,210,2017,traefik docker-compose,medium,No,tmp_traefik/traefik_scan_2_1767028255/kahkhang_kube-linode/manifests/kube-dashboard.yaml
163,pascalandy/docker-stack-this,https://github.com/pascalandy/docker-stack-this,168,2017,traefik docker-compose,medium,No,tmp_traefik/traefik_scan_0_1767028255/pascalandy_docker-stack-this/traefik_stack5/stack-proxy.yml
164,jfroment/seedbox,https://github.com/jfroment/seedbox,390,2017,traefik docker-compose,medium,No,tmp_traefik/traefik_scan_1_1767028255/jfroment_seedbox/config.sample.yaml
165,kibatic/ansible-traefik,https://github.com/kibatic/ansible-traefik,87,2017,traefik docker-compose,medium,No,tmp_traefik/traefik_scan_3_1767028255/kibatic_ansible-traefik/.travis.yml
166,hemerajs/aither,https://github.com/hemerajs/aither,120,2017,traefik docker-compose,medium,No,tmp_traefik/traefik_scan_4_1767028255/hemerajs_aither/docker-compose.yml
167,Chabane/generator-mitosis,https://github.com/Chabane/generator-mitosis,80,2016,traefik docker-compose,medium,No,tmp_traefik/traefik_scan_15_1767028255/Chabane_generator-mitosis/generators/app/templates/ansible/images/_mitosis-registry-playbook.yml
168,containerize-my-server/reverse-proxy,https://github.com/containerize-my-server/reverse-proxy,111,2016,traefik docker-compose,medium,No,tmp_traefik/traefik_scan_6_1767028255/containerize-my-server_reverse-proxy/docker-compose.yml
169,rawmind0/rancher-traefik,https://github.com/rawmind0/rancher-traefik,68,2016,traefik docker-compose,medium,No,tmp_traefik/traefik_scan_13_1767028255/rawmind0_rancher-traefik/root/opt/tools/rancher-template/etc/traefik.yml
170,rawmind0/alpine-traefik,https://github.com/rawmind0/alpine-traefik,65,2016,traefik docker-compose,medium,No,tmp_traefik/traefik_scan_12_1767028255/rawmind0_alpine-traefik/rancher/rancher-compose.yml
171,traefik/traefik,https://github.com/traefik/traefik,60798,2015,traefik docker-compose,medium,No,tmp_traefik/traefik_scan_14_1767028255/traefik_traefik/.golangci.yml
